{
  "Component.js": 1721043878587,
  "manifest.json": 1721114239255,
  "ext/controller/CustomProjectsListPageExtension.controller.js": 1721114491468,
  "ext/controller/customHandler.js": 1721115906542,
  "i18n/i18n.properties": 1721043878595,
  "ext/controller/CustomProjectsListPageExtension-dbg.controller.js": 1721114491468,
  "ext/controller/CustomProjectsListPageExtension.controller.js.map": 1721120040833,
  "ext/controller/customHandler-dbg.js": 1721115906542,
  "ext/controller/customHandler.js.map": 1721120040832,
  "Component-dbg.js": 1721043878587,
  "Component.js.map": 1721120040822,
  "Component-preload.js": 1721120040912,
  "Component-preload.js.map": 1721120040912,
  "index.html": 1721043878591
}